email, senha
0.6833626024300923@mail.com,user123           
0.43144061680999923@mail.com,user123           
0.15302348938473675@mail.com,user123           
0.4015896402391332@mail.com,user123            
0.5300975148239039@mail.com,user123            
0.6560829210755135@mail.com,user123            
0.41971266923080613@mail.com,user123          
0.4933285757199806@mail.com,user123           
0.1745322673496133@mail.com,user123            
0.1109523249314695@mail.com,user123           
0.8660354295266822@mail.com,user123            
0.18207569919984637@mail.com,user123           
0.11565544205003975@mail.com,user123           
0.025116261577794126@mail.com,user123          
0.3531587742192841@mail.com,user123            
0.10118116457138726@mail.com,user123           
0.21107959751324928@mail.com,user123          
0.07903925499948687@mail.com,user123 